, ,Label,Area,Mean_ph,XM,YM,Slice,LastIndex,PreviousCell,Background_ph,Mean_TxRed,Background_TxRed
0,1,ori_ph:0593-0182-0099:initial_folder_10_0592,576,1218.413,99.51899999999999,182.253,593,1,2,785.927,403.844,402.621
1,2,ori_ph:0592-0182-0100:initial_folder_10_0591,525,1224.379,100.162,183.925,592,0,3,785.056,404.366,403.015
2,3,ori_ph:0591-0191-0099:initial_folder_10_0590,459,1308.9589999999998,99.984,192.41299999999998,591,0,4,785.827,403.29400000000004,402.759
3,4,ori_ph:0590-0194-0099:initial_folder_10_0589,490,1357.4779999999998,100.226,194.332,590,0,5,785.5160000000001,403.86300000000006,402.51
4,5,ori_ph:0589-0280-0100:initial_folder_10_0588,488,647.664,100.565,280.02,589,0,6,785.725,403.30300000000005,402.61199999999997
5,6,ori_ph:0588-0375-0100:initial_folder_10_0587,380,627.629,100.323,375.032,588,0,7,785.318,404.289,402.47900000000004
6,7,ori_ph:0587-0386-0101:initial_folder_10_0586,701,639.435,101.009,385.999,587,0,8,784.753,403.05800000000005,402.517
7,8,ori_ph:0586-0389-0101:initial_folder_10_0585,650,636.734,100.80799999999999,390.06699999999995,586,0,9,784.791,403.994,403.176
8,9,ori_ph:0585-0405-0101:initial_folder_10_0584,518,646.436,101.553,404.86199999999997,585,0,10,785.179,404.56,403.162
9,10,ori_ph:0584-0404-0101:initial_folder_10_0583,502,644.606,101.73299999999999,404.168,584,0,11,783.7339999999999,405.277,403.43199999999996
10,11,ori_ph:0583-0411-0102:initial_folder_10_0582,373,650.107,102.071,410.59,583,0,12,784.1460000000001,402.879,402.99199999999996
11,12,ori_ph:0582-0395-0100:initial_folder_10_0581,675,639.117,100.874,395.593,582,0,13,783.493,403.72900000000004,403.097
12,13,ori_ph:0581-0404-0102:initial_folder_10_0580,524,647.502,101.84,405.36699999999996,581,0,14,785.808,404.903,402.842
13,14,ori_ph:0580-0406-0102:initial_folder_10_0579,500,642.874,102.179,406.76300000000003,580,0,15,782.962,404.00199999999995,402.93199999999996
14,15,ori_ph:0579-0405-0102:initial_folder_10_0578,468,653.182,102.117,406.055,579,0,16,784.049,406.14300000000003,403.26599999999996
15,16,ori_ph:0578-0402-0101:initial_folder_10_0577,467,649.625,101.454,401.88599999999997,578,0,17,784.955,404.36800000000005,403.959
16,17,ori_ph:0577-0404-0101:initial_folder_10_0576,383,658.467,101.16,404.81699999999995,577,0,18,784.927,405.726,403.001
17,18,ori_ph:0576-0388-0101:initial_folder_10_0575,535,664.74,100.434,389.662,576,0,19,780.6460000000001,404.82199999999995,403.21
18,19,ori_ph:0575-0397-0100:initial_folder_10_0574,529,655.915,100.538,397.666,575,0,20,785.997,406.86,405.995
19,20,ori_ph:0574-0399-0101:initial_folder_10_0573,473,658.372,100.57600000000001,399.836,574,0,21,783.16,403.56699999999995,402.81199999999995
20,21,ori_ph:0573-0403-0101:initial_folder_10_0572,427,655.2719999999999,100.735,403.601,573,0,22,785.242,405.81,402.666
21,22,ori_ph:0572-0411-0102:initial_folder_10_0571,351,669.068,102.021,411.716,572,0,23,784.538,404.786,402.73900000000003
22,23,ori_ph:0571-0408-0100:initial_folder_10_0570,327,672.471,100.042,408.83,571,0,24,785.947,406.49800000000005,402.999
23,24,ori_ph:0570-0396-0102:initial_folder_10_0569,565,654.246,101.316,397.533,570,0,25,783.863,404.77,403.064
24,25,ori_ph:0569-0410-0104:initial_folder_10_0568,411,653.866,104.14299999999999,410.477,569,0,26,784.025,404.915,402.996
25,26,ori_ph:0568-0412-0104:initial_folder_10_0567,354,656.873,103.829,412.515,568,0,27,783.179,404.37,403.135
26,27,ori_ph:0567-0413-0104:initial_folder_10_0566,321,659.6010000000001,104.11200000000001,413.954,567,0,28,785.518,402.667,402.593
27,28,ori_ph:0566-0414-0104:initial_folder_10_0565,316,657.456,103.626,414.055,566,0,29,785.454,402.566,402.913
28,29,ori_ph:0565-0415-0104:initial_folder_10_0564,310,662.913,103.36200000000001,414.814,565,0,30,784.169,405.577,403.462
29,30,ori_ph:0564-0415-0104:initial_folder_10_0563,306,662.19,104.18,415.634,564,0,31,783.298,404.82,402.593
30,31,ori_ph:0563-0415-0104:initial_folder_10_0562,299,659.258,104.316,415.496,563,0,32,784.872,404.251,402.783
31,32,ori_ph:0562-0417-0104:initial_folder_10_0561,215,683.66,103.851,417.26800000000003,562,0,33,785.294,404.36699999999996,403.279
32,33,ori_ph:0561-0408-0101:initial_folder_10_0560,444,652.752,101.01700000000001,408.92800000000005,561,0,34,784.591,404.851,403.043
33,34,ori_ph:0560-0410-0101:initial_folder_10_0559,420,651.6569999999999,101.05799999999999,410.98,560,0,35,785.072,404.35,403.06300000000005
34,35,ori_ph:0559-0412-0101:initial_folder_10_0558,367,656.929,100.919,413.01300000000003,559,0,36,785.8839999999999,403.608,403.048
35,36,ori_ph:0558-0412-0101:initial_folder_10_0557,386,641.756,100.77799999999999,412.72,558,0,37,785.317,405.295,403.061
36,37,ori_ph:0557-0415-0101:initial_folder_10_0556,330,662.658,101.09299999999999,414.84,557,0,38,785.8389999999999,404.036,402.92199999999997
37,38,ori_ph:0556-0406-0104:initial_folder_10_0555,473,644.757,103.30799999999999,407.509,556,0,39,784.71,404.051,403.00300000000004
38,39,ori_ph:0555-0408-0104:initial_folder_10_0554,488,651.3240000000001,103.875,407.881,555,0,40,785.077,403.975,403.191
39,40,ori_ph:0554-0411-0105:initial_folder_10_0553,404,656.814,104.516,410.99800000000005,554,0,41,785.378,404.26,402.959
40,41,ori_ph:0553-0411-0104:initial_folder_10_0552,392,656.783,104.044,411.539,553,0,42,785.182,403.01800000000003,403.004
41,42,ori_ph:0552-0412-0104:initial_folder_10_0551,370,657.605,103.89399999999999,411.82,552,0,43,784.475,404.749,403.37300000000005
42,43,ori_ph:0551-0413-0104:initial_folder_10_0550,370,661.5139999999999,104.178,412.61699999999996,551,0,44,785.4019999999999,403.473,402.841
43,44,ori_ph:0550-0414-0104:initial_folder_10_0549,305,663.4,104.238,414.316,550,0,45,783.872,405.351,403.042
44,45,ori_ph:0549-0416-0104:initial_folder_10_0548,292,662.4010000000001,104.23700000000001,415.791,549,0,46,784.079,402.955,403.274
45,46,ori_ph:0548-0417-0104:initial_folder_10_0547,256,662.035,103.684,416.963,548,0,47,784.8439999999999,405.20300000000003,402.912
46,47,ori_ph:0547-0414-0104:initial_folder_10_0546,290,662.197,104.46799999999999,416.145,547,0,48,785.553,404.09,402.999
47,48,ori_ph:0546-0417-0105:initial_folder_10_0545,272,658.673,104.50200000000001,417.81800000000004,546,0,49,784.99,404.077,402.87199999999996
48,49,ori_ph:0545-0417-0103:initial_folder_10_0544,242,657.806,103.257,417.684,545,0,50,783.1510000000001,405.835,402.856
49,50,ori_ph:0544-0407-0101:initial_folder_10_0543,461,643.0740000000001,101.494,408.50300000000004,544,0,51,784.143,404.653,402.75800000000004
50,51,ori_ph:0543-0409-0101:initial_folder_10_0542,429,650.485,101.62899999999999,410.08,543,0,52,785.034,404.776,403.19699999999995
51,52,ori_ph:0542-0412-0101:initial_folder_10_0541,342,662.95,100.546,413.35400000000004,542,0,53,785.664,405.02,402.907
52,53,ori_ph:0541-0412-0101:initial_folder_10_0540,362,659.801,100.831,413.034,541,0,54,785.6189999999999,405.30699999999996,403.075
53,54,ori_ph:0540-0414-0104:initial_folder_10_0539,358,646.615,103.53,413.779,540,0,55,784.942,405.087,403.30199999999996
54,55,ori_ph:0539-0417-0105:initial_folder_10_0538,299,650.502,104.348,416.892,539,0,56,784.3739999999999,403.819,402.945
55,56,ori_ph:0538-0416-0103:initial_folder_10_0537,268,641.015,103.535,416.649,538,0,57,784.215,401.108,403.215
56,57,ori_ph:0537-0407-0102:initial_folder_10_0536,508,630.49,101.96,407.14300000000003,537,0,58,784.408,404.80300000000005,403.431
57,58,ori_ph:0536-0409-0102:initial_folder_10_0535,471,635.941,102.125,408.75800000000004,536,0,59,784.232,405.05699999999996,403.23199999999997
58,59,ori_ph:0535-0410-0102:initial_folder_10_0534,380,653.118,102.096,411.233,535,0,60,782.8560000000001,404.134,403.10400000000004
59,60,ori_ph:0534-0414-0104:initial_folder_10_0533,378,638.749,103.66799999999999,413.35699999999997,534,0,61,785.579,404.045,403.12699999999995
60,61,ori_ph:0533-0416-0103:initial_folder_10_0532,315,639.898,103.42399999999999,416.227,533,0,62,785.416,405.413,403.49300000000005
61,62,ori_ph:0532-0405-0101:initial_folder_10_0531,563,635.126,101.581,405.827,532,0,63,783.945,403.44599999999997,403.314
62,63,ori_ph:0531-0407-0101:initial_folder_10_0530,501,637.255,101.6,407.611,531,0,64,783.6060000000001,404.99800000000005,402.769
63,64,ori_ph:0530-0408-0101:initial_folder_10_0529,511,641.62,101.76299999999999,407.87,530,0,65,783.0169999999999,403.305,403.102
64,65,ori_ph:0529-0409-0101:initial_folder_10_0528,446,650.823,101.478,409.42,529,0,66,784.9830000000001,404.525,402.869
65,66,ori_ph:0528-0410-0101:initial_folder_10_0527,427,656.71,101.695,410.189,528,0,67,783.523,404.496,402.964
66,67,ori_ph:0527-0410-0101:initial_folder_10_0526,446,658.02,101.902,409.83099999999996,527,0,68,785.0889999999999,404.25300000000004,402.991
67,68,ori_ph:0526-0411-0101:initial_folder_10_0525,422,651.701,102.04,410.731,526,0,69,783.2919999999999,403.79900000000004,402.843
68,69,ori_ph:0525-0411-0101:initial_folder_10_0524,390,650.592,101.726,411.165,525,0,70,782.2230000000001,403.228,403.551
69,70,ori_ph:0524-0412-0101:initial_folder_10_0523,367,652.038,101.677,412.905,524,0,71,784.041,403.793,403.18
70,71,ori_ph:0523-0412-0102:initial_folder_10_0522,390,645.7919999999999,102.404,412.721,523,0,72,783.1030000000001,404.04900000000004,402.849
71,72,ori_ph:0522-0414-0102:initial_folder_10_0521,358,650.746,102.369,413.664,522,0,73,781.09,404.838,402.91900000000004
72,73,ori_ph:0521-0418-0101:initial_folder_10_0520,266,660.793,101.53399999999999,417.45,521,0,74,782.632,403.876,402.89300000000003
73,74,ori_ph:0520-0419-0104:initial_folder_10_0519,259,650.992,103.836,419.163,520,0,75,783.9119999999999,405.309,402.901
74,75,ori_ph:0519-0418-0104:initial_folder_10_0518,228,655.763,103.649,418.42900000000003,519,0,76,783.309,403.719,403.69300000000004
75,76,ori_ph:0518-0413-0101:initial_folder_10_0517,401,648.741,101.759,413.213,518,0,77,783.426,405.606,403.69800000000004
76,77,ori_ph:0517-0414-0100:initial_folder_10_0516,355,653.115,100.96700000000001,414.63199999999995,517,0,78,783.758,405.915,403.805
77,78,ori_ph:0516-0414-0101:initial_folder_10_0515,377,640.424,101.48299999999999,413.779,516,0,79,783.722,405.459,403.465
78,79,ori_ph:0515-0415-0100:initial_folder_10_0514,327,647.972,100.625,416.30800000000005,515,0,80,784.138,405.50199999999995,404.858
79,80,ori_ph:0514-0416-0101:initial_folder_10_0513,304,642.635,101.009,416.51199999999994,514,0,81,784.008,406.12199999999996,404.077
80,81,ori_ph:0513-0418-0100:initial_folder_10_0512,264,652.1669999999999,100.609,418.18300000000005,513,0,82,782.977,405.564,403.55199999999996
81,82,ori_ph:0512-0420-0105:initial_folder_10_0511,255,648.275,104.38,419.83,512,0,83,781.953,403.894,403.52
82,83,ori_ph:0511-0408-0101:initial_folder_10_0510,491,633.13,101.391,409.486,511,0,84,783.813,403.277,402.811
83,84,ori_ph:0510-0411-0101:initial_folder_10_0509,424,639.988,100.708,412.62800000000004,510,0,85,782.2339999999999,404.25699999999995,403.00699999999995
84,85,ori_ph:0509-0414-0101:initial_folder_10_0508,344,635.971,100.353,415.306,509,0,86,782.5139999999999,405.25,402.55199999999996
85,86,ori_ph:0508-0416-0100:initial_folder_10_0507,327,639.869,100.11399999999999,416.048,508,0,87,782.995,405.394,402.629
86,87,ori_ph:0507-0416-0100:initial_folder_10_0506,306,635.3009999999999,100.277,416.995,507,0,88,782.573,403.49300000000005,402.713
87,88,ori_ph:0506-0417-0102:initial_folder_10_0505,310,643.129,101.969,416.87800000000004,506,0,89,783.373,404.694,403.096
88,89,ori_ph:0505-0420-0102:initial_folder_10_0504,265,643.0,102.555,419.039,505,0,90,782.654,404.532,403.65
89,90,ori_ph:0504-0421-0103:initial_folder_10_0503,229,639.314,102.819,420.348,504,0,91,782.372,404.485,403.376
90,91,ori_ph:0503-0409-0103:initial_folder_10_0502,490,634.2180000000001,103.38,410.36199999999997,503,0,92,783.5219999999999,405.847,404.06699999999995
91,92,ori_ph:0502-0409-0102:initial_folder_10_0501,450,641.0219999999999,102.235,408.967,502,0,93,781.799,405.664,404.369
92,93,ori_ph:0501-0409-0102:initial_folder_10_0500,409,640.071,102.454,409.811,501,0,94,782.564,405.034,403.94699999999995
93,94,ori_ph:0500-0414-0103:initial_folder_10_0499,306,643.977,103.307,414.279,500,0,95,782.345,405.605,402.48900000000003
94,95,ori_ph:0499-0416-0102:initial_folder_10_0498,293,640.311,103.152,416.56699999999995,499,0,96,782.857,403.584,402.94599999999997
95,96,ori_ph:0498-0418-0103:initial_folder_10_0497,267,641.285,103.557,417.514,498,0,97,782.701,404.36300000000006,402.95300000000003
96,97,ori_ph:0497-0408-0103:initial_folder_10_0496,491,623.943,103.296,408.759,497,0,98,782.507,404.86199999999997,403.402
97,98,ori_ph:0496-0410-0103:initial_folder_10_0495,473,626.5409999999999,104.03399999999999,411.023,496,0,99,783.845,404.598,402.787
98,99,ori_ph:0495-0411-0104:initial_folder_10_0494,418,638.895,103.53399999999999,410.611,495,0,100,783.607,404.897,402.827
99,100,ori_ph:0494-0414-0104:initial_folder_10_0493,368,635.418,104.086,414.282,494,0,101,780.957,404.353,403.43800000000005
100,101,ori_ph:0493-0417-0104:initial_folder_10_0492,291,630.914,104.494,417.186,493,0,102,782.368,405.43,403.86400000000003
101,102,ori_ph:0492-0417-0104:initial_folder_10_0491,305,635.285,104.374,416.92900000000003,492,0,103,782.6239999999999,402.18,402.63599999999997
102,103,ori_ph:0491-0418-0104:initial_folder_10_0490,279,644.075,104.21600000000001,418.12,491,0,104,783.165,402.99300000000005,402.955
103,104,ori_ph:0490-0417-0105:initial_folder_10_0489,267,648.4490000000001,104.98200000000001,417.074,490,0,105,780.812,405.509,403.226
104,105,ori_ph:0489-0417-0103:initial_folder_10_0488,279,648.505,103.199,416.94300000000004,489,0,106,781.076,405.434,403.097
105,106,ori_ph:0488-0405-0104:initial_folder_10_0487,489,632.323,104.62,407.647,488,0,107,780.34,404.004,403.065
106,107,ori_ph:0487-0410-0104:initial_folder_10_0486,449,634.88,103.917,410.185,487,0,108,779.086,403.53,402.827
107,108,ori_ph:0486-0410-0104:initial_folder_10_0485,400,705.028,103.661,409.75199999999995,486,0,109,895.1060000000001,403.905,403.959
108,109,ori_ph:0485-0388-0104:initial_folder_10_0484,352,711.81,104.318,388.12800000000004,485,0,110,894.58,404.205,403.625
109,110,ori_ph:0484-0410-0105:initial_folder_10_0483,309,714.9580000000001,104.25200000000001,409.774,484,0,111,896.192,406.142,402.754
110,111,ori_ph:0483-0408-0104:initial_folder_10_0482,336,719.19,104.009,408.843,483,0,112,895.591,404.202,402.582
111,112,ori_ph:0482-0409-0105:initial_folder_10_0481,327,733.0239999999999,104.605,409.885,482,0,113,897.378,404.847,402.639
112,113,ori_ph:0481-0410-0104:initial_folder_10_0480,313,720.3739999999999,104.27600000000001,411.004,481,0,114,896.913,404.37699999999995,402.504
113,114,ori_ph:0480-0414-0104:initial_folder_10_0479,267,727.663,104.60600000000001,414.519,480,0,115,896.18,404.022,403.04900000000004
114,115,ori_ph:0479-0414-0105:initial_folder_10_0478,264,726.326,104.76,414.594,479,0,116,898.2339999999999,404.648,402.651
115,116,ori_ph:0478-0414-0104:initial_folder_10_0477,237,733.0210000000001,104.33,414.157,478,0,117,897.2460000000001,403.17699999999996,402.83
116,117,ori_ph:0477-0413-0104:initial_folder_10_0476,245,726.914,104.648,414.316,477,0,118,896.553,404.865,402.523
117,118,ori_ph:0476-0414-0104:initial_folder_10_0475,232,734.5989999999999,104.42,414.79699999999997,476,0,119,897.188,403.57300000000004,402.659
118,119,ori_ph:0475-0415-0104:initial_folder_10_0474,232,736.8530000000001,104.34899999999999,416.037,475,0,120,897.564,406.147,402.755
119,120,ori_ph:0474-0414-0103:initial_folder_10_0473,222,749.712,103.73299999999999,414.991,474,0,121,897.055,403.977,402.842
120,121,ori_ph:0473-0405-0101:initial_folder_10_0472,407,725.941,101.19,406.027,473,0,122,896.8539999999999,403.995,402.80699999999996
121,122,ori_ph:0472-0406-0101:initial_folder_10_0471,413,719.591,101.801,405.673,472,0,123,898.55,405.04400000000004,402.38599999999997
122,123,ori_ph:0471-0406-0102:initial_folder_10_0470,438,714.623,102.19,406.18300000000005,471,0,124,898.2660000000001,405.525,402.858
123,124,ori_ph:0470-0405-0101:initial_folder_10_0469,392,725.505,101.696,405.129,470,0,125,895.8380000000001,404.786,402.786
124,125,ori_ph:0469-0407-0101:initial_folder_10_0468,371,722.962,101.729,407.522,469,0,126,898.841,405.027,402.56699999999995
125,126,ori_ph:0468-0407-0101:initial_folder_10_0467,367,724.831,101.82700000000001,407.685,468,0,127,898.563,405.782,402.789
126,127,ori_ph:0467-0407-0101:initial_folder_10_0466,358,718.204,101.91,407.125,467,0,128,897.937,404.902,402.86400000000003
127,128,ori_ph:0466-0409-0102:initial_folder_10_0465,359,728.173,102.179,409.80400000000003,466,0,129,896.178,404.596,403.075
128,129,ori_ph:0465-0410-0102:initial_folder_10_0464,327,731.183,101.89200000000001,411.44300000000004,465,0,130,898.127,404.385,402.86
129,130,ori_ph:0464-0412-0102:initial_folder_10_0463,293,732.082,101.978,412.389,464,0,131,897.4960000000001,404.119,402.585
130,131,ori_ph:0463-0412-0102:initial_folder_10_0462,313,729.613,102.181,412.001,463,0,132,896.6389999999999,405.514,403.05300000000005
131,132,ori_ph:0462-0412-0102:initial_folder_10_0461,304,725.622,102.323,412.13599999999997,462,0,133,897.186,404.211,402.841
132,133,ori_ph:0461-0412-0102:initial_folder_10_0460,280,733.025,102.566,411.655,461,0,134,895.188,404.564,402.749
133,134,ori_ph:0460-0410-0102:initial_folder_10_0459,278,740.7230000000001,102.499,410.038,460,0,135,895.939,405.194,402.559
134,135,ori_ph:0459-0414-0103:initial_folder_10_0458,238,753.21,102.411,414.50300000000004,459,0,136,896.296,404.57599999999996,402.352
135,136,ori_ph:0458-0414-0103:initial_folder_10_0457,226,745.341,103.885,415.401,458,0,137,895.422,404.65,402.72
136,137,ori_ph:0457-0406-0100:initial_folder_10_0456,394,726.579,100.95299999999999,406.61400000000003,457,0,138,896.335,404.934,402.824
137,138,ori_ph:0456-0407-0101:initial_folder_10_0455,382,723.757,101.367,406.836,456,0,139,896.043,404.866,403.00800000000004
138,139,ori_ph:0455-0408-0102:initial_folder_10_0454,371,714.003,101.90799999999999,409.74199999999996,455,0,140,896.289,404.685,402.462
139,140,ori_ph:0454-0410-0102:initial_folder_10_0453,339,717.935,101.694,410.796,454,0,141,893.961,405.92900000000003,402.897
140,141,ori_ph:0453-0411-0102:initial_folder_10_0452,316,715.041,102.064,411.93199999999996,453,0,142,895.5980000000001,405.671,402.375
141,142,ori_ph:0452-0410-0103:initial_folder_10_0451,310,716.306,102.21799999999999,411.474,452,0,143,896.9630000000001,402.44800000000004,402.454
142,143,ori_ph:0451-0410-0102:initial_folder_10_0450,297,717.441,102.29799999999999,411.536,451,0,144,895.577,404.394,403.085
143,144,ori_ph:0450-0407-0103:initial_folder_10_0449,324,720.559,102.846,408.543,450,0,145,893.5980000000001,405.787,403.30199999999996
144,145,ori_ph:0449-0410-0103:initial_folder_10_0448,314,714.9010000000001,102.795,410.671,449,0,146,895.925,405.37300000000005,403.216
145,146,ori_ph:0448-0408-0104:initial_folder_10_0447,279,713.28,103.51899999999999,408.83,448,0,147,895.961,405.265,402.30800000000005
146,147,ori_ph:0447-0408-0103:initial_folder_10_0446,294,724.252,103.03299999999999,408.269,447,0,148,894.627,404.514,402.845
147,148,ori_ph:0446-0409-0104:initial_folder_10_0445,285,729.211,103.169,410.126,446,0,149,897.2589999999999,407.32599999999996,404.69800000000004
148,149,ori_ph:0445-0416-0103:initial_folder_10_0444,298,630.305,103.44200000000001,416.459,445,0,150,693.123,406.195,403.744
149,150,ori_ph:0444-0417-0105:initial_folder_10_0443,291,624.821,105.03299999999999,417.269,444,0,151,694.5060000000001,404.715,403.68
150,151,ori_ph:0443-0419-0104:initial_folder_10_0442,210,626.548,104.147,419.57,443,0,152,693.826,404.671,403.51800000000003
151,152,ori_ph:0442-0420-0104:initial_folder_10_0441,203,624.995,104.32600000000001,420.504,442,0,153,693.7339999999999,404.212,403.658
152,153,ori_ph:0441-0408-0103:initial_folder_10_0440,482,623.44,102.95100000000001,408.065,441,0,154,695.602,406.064,403.551
153,154,ori_ph:0440-0408-0103:initial_folder_10_0439,483,622.988,103.354,407.976,440,0,155,694.066,405.52,403.725
154,155,ori_ph:0439-0410-0102:initial_folder_10_0438,446,629.507,102.413,409.944,439,0,156,695.202,404.80300000000005,403.79699999999997
155,156,ori_ph:0438-0410-0102:initial_folder_10_0437,430,627.526,102.37299999999999,410.499,438,0,157,694.3760000000001,404.444,403.62300000000005
156,157,ori_ph:0437-0410-0103:initial_folder_10_0436,466,627.644,103.287,409.918,437,0,158,695.1519999999999,405.06199999999995,403.915
157,158,ori_ph:0436-0411-0102:initial_folder_10_0435,430,629.735,102.929,410.14599999999996,436,0,159,695.367,404.595,403.66
158,159,ori_ph:0435-0411-0102:initial_folder_10_0434,410,632.951,103.039,410.224,435,0,160,695.863,406.7,403.466
159,160,ori_ph:0434-0411-0102:initial_folder_10_0433,420,634.3380000000001,103.007,410.301,434,0,161,698.378,404.11699999999996,403.099
160,161,ori_ph:0433-0412-0102:initial_folder_10_0432,362,636.312,101.949,412.635,433,0,162,701.181,406.616,403.87300000000005
161,162,ori_ph:0432-0412-0102:initial_folder_10_0431,383,642.428,102.068,412.205,432,0,163,717.408,406.846,404.074
162,163,ori_ph:0431-0415-0102:initial_folder_10_0430,333,636.057,101.89,414.691,431,0,164,683.579,403.838,403.436
163,164,ori_ph:0430-0415-0102:initial_folder_10_0429,318,633.915,102.05799999999999,415.455,430,0,165,683.284,405.95300000000003,403.586
164,165,ori_ph:0429-0414-0103:initial_folder_10_0428,292,638.7090000000001,102.72200000000001,414.60400000000004,429,0,166,683.804,405.031,403.61199999999997
165,166,ori_ph:0428-0416-0102:initial_folder_10_0427,303,633.528,102.353,415.902,428,0,167,685.415,406.759,403.855
166,167,ori_ph:0427-0416-0102:initial_folder_10_0426,257,644.938,101.902,416.86400000000003,427,0,168,683.4680000000001,407.01199999999994,403.463
167,168,ori_ph:0426-0416-0102:initial_folder_10_0425,290,631.441,101.84299999999999,416.642,426,0,169,684.877,406.82099999999997,403.561
168,169,ori_ph:0425-0417-0103:initial_folder_10_0424,261,636.2869999999999,103.28299999999999,417.185,425,0,170,684.7710000000001,405.824,403.866
169,170,ori_ph:0424-0417-0103:initial_folder_10_0423,256,633.137,103.09200000000001,417.434,424,0,171,685.102,405.727,403.465
170,171,ori_ph:0423-0418-0103:initial_folder_10_0422,239,645.155,102.961,418.098,423,0,172,686.133,405.523,403.765
171,172,ori_ph:0422-0417-0103:initial_folder_10_0421,264,638.9580000000001,103.37700000000001,417.319,422,0,173,685.206,406.981,403.664
172,173,ori_ph:0421-0417-0102:initial_folder_10_0420,230,645.57,102.721,417.585,421,0,174,685.794,406.957,403.795
173,174,ori_ph:0420-0406-0104:initial_folder_10_0419,518,620.7919999999999,104.015,405.92699999999996,420,0,175,684.205,405.871,403.786
174,175,ori_ph:0419-0406-0103:initial_folder_10_0418,501,626.138,102.98899999999999,406.41900000000004,419,0,176,684.4960000000001,405.168,403.847
175,176,ori_ph:0418-0407-0103:initial_folder_10_0417,476,632.889,102.84899999999999,406.834,418,0,177,685.845,406.95599999999996,403.50699999999995
176,177,ori_ph:0417-0408-0103:initial_folder_10_0416,460,636.82,102.791,407.597,417,0,178,685.5,403.954,403.523
177,178,ori_ph:0416-0410-0105:initial_folder_10_0415,408,626.914,104.92,410.07199999999995,416,0,179,685.113,406.159,403.394
178,179,ori_ph:0415-0411-0105:initial_folder_10_0414,410,625.3290000000001,104.93700000000001,410.779,415,0,180,685.5269999999999,404.856,403.69599999999997
179,180,ori_ph:0414-0411-0105:initial_folder_10_0413,418,627.146,105.029,410.981,414,0,181,686.29,403.718,403.483
180,181,ori_ph:0413-0411-0105:initial_folder_10_0412,393,625.756,105.083,410.584,413,0,182,686.145,403.67400000000004,403.355
181,182,ori_ph:0412-0412-0105:initial_folder_10_0411,384,626.3330000000001,104.77,411.53,412,0,183,686.802,403.97900000000004,403.59
182,183,ori_ph:0411-0412-0105:initial_folder_10_0410,377,631.411,105.113,412.134,411,0,184,684.393,403.63699999999994,403.281
183,184,ori_ph:0410-0413-0105:initial_folder_10_0409,337,631.976,105.427,413.24199999999996,410,0,185,685.5319999999999,406.11,403.777
184,185,ori_ph:0409-0413-0105:initial_folder_10_0408,365,627.844,105.478,412.384,409,0,186,685.877,404.26,403.809
185,186,ori_ph:0408-0413-0105:initial_folder_10_0407,356,626.494,105.605,412.95599999999996,408,0,187,686.3489999999999,403.351,403.939
186,187,ori_ph:0407-0413-0105:initial_folder_10_0406,331,628.335,105.212,413.125,407,0,188,686.918,403.49800000000005,404.186
187,188,ori_ph:0406-0414-0105:initial_folder_10_0405,340,631.565,105.57700000000001,413.843,406,0,189,684.7919999999999,404.288,404.01
188,189,ori_ph:0405-0414-0106:initial_folder_10_0404,316,625.861,105.811,413.865,405,0,190,686.382,405.459,403.533
189,190,ori_ph:0404-0414-0105:initial_folder_10_0403,305,635.069,105.333,414.99699999999996,404,0,191,687.3910000000001,404.908,403.91
190,191,ori_ph:0403-0415-0106:initial_folder_10_0402,283,631.661,106.052,415.16,403,0,192,687.4810000000001,403.276,403.725
191,192,ori_ph:0402-0417-0106:initial_folder_10_0401,263,631.779,106.03200000000001,417.191,402,0,193,687.18,403.54,403.88
192,193,ori_ph:0401-0417-0106:initial_folder_10_0400,252,630.4680000000001,106.245,416.94,401,0,194,685.753,404.93699999999995,403.468
193,194,ori_ph:0400-0404-0102:initial_folder_10_0399,560,621.145,102.72399999999999,404.616,400,0,195,687.298,404.834,403.733
194,195,ori_ph:0399-0404-0102:initial_folder_10_0398,589,625.803,102.74799999999999,403.931,399,0,196,687.3330000000001,404.662,403.608
195,196,ori_ph:0398-0405-0102:initial_folder_10_0397,507,631.428,101.87700000000001,406.649,398,0,197,687.972,403.901,404.05
196,197,ori_ph:0397-0407-0101:initial_folder_10_0396,478,629.4119999999999,101.65799999999999,408.315,397,0,198,687.7769999999999,404.575,403.56199999999995
197,198,ori_ph:0396-0406-0101:initial_folder_10_0395,498,631.299,101.512,407.56800000000004,396,0,199,689.0169999999999,404.14300000000003,403.534
198,199,ori_ph:0395-0407-0101:initial_folder_10_0394,471,628.822,101.73,408.204,395,0,200,686.793,405.0,403.91
199,200,ori_ph:0394-0407-0101:initial_folder_10_0393,464,633.246,101.23899999999999,407.596,394,0,201,687.3910000000001,406.483,403.334
200,201,ori_ph:0393-0407-0101:initial_folder_10_0392,468,631.729,101.645,407.892,393,0,202,687.5010000000001,404.80800000000005,403.616
201,202,ori_ph:0392-0408-0101:initial_folder_10_0391,468,630.028,101.999,408.50800000000004,392,0,203,687.4689999999999,404.714,403.793
202,203,ori_ph:0391-0410-0101:initial_folder_10_0390,447,633.915,102.09,409.51599999999996,391,0,204,687.6360000000001,404.745,403.517
203,204,ori_ph:0390-0410-0101:initial_folder_10_0389,433,631.097,102.166,409.06300000000005,390,0,205,687.3330000000001,405.339,404.094
204,205,ori_ph:0389-0410-0102:initial_folder_10_0388,431,636.285,102.351,410.025,389,0,206,687.8960000000001,403.974,403.49199999999996
205,206,ori_ph:0388-0411-0101:initial_folder_10_0387,423,636.839,102.25200000000001,409.849,388,0,207,690.158,404.80400000000003,403.61400000000003
206,207,ori_ph:0387-0411-0104:initial_folder_10_0386,420,631.1569999999999,104.891,409.476,387,0,208,689.145,404.176,403.316
207,208,ori_ph:0386-0412-0104:initial_folder_10_0385,394,630.117,105.184,410.515,386,0,209,688.275,403.49699999999996,403.83099999999996
208,209,ori_ph:0385-0413-0104:initial_folder_10_0384,384,624.893,105.445,411.715,385,0,210,691.7560000000001,403.805,403.651
209,210,ori_ph:0384-0414-0100:initial_folder_10_0383,318,646.456,100.376,414.874,384,0,211,689.18,404.409,403.64599999999996
210,211,ori_ph:0383-0417-0101:initial_folder_10_0382,305,639.328,100.595,416.551,383,0,212,689.4019999999999,406.20300000000003,403.705
211,212,ori_ph:0382-0417-0102:initial_folder_10_0381,273,645.128,101.90700000000001,417.38,382,0,213,689.323,405.366,403.92199999999997
212,213,ori_ph:0381-0420-0100:initial_folder_10_0380,200,665.41,100.147,420.686,381,0,214,697.29,408.36,405.57800000000003
213,214,ori_ph:0380-0407-0103:initial_folder_10_0379,509,634.377,102.42299999999999,407.04400000000004,380,0,215,698.288,410.98400000000004,409.708
214,215,ori_ph:0379-0409-0103:initial_folder_10_0378,435,627.133,103.13600000000001,410.135,379,0,216,691.55,405.38599999999997,403.95300000000003
215,216,ori_ph:0378-0409-0103:initial_folder_10_0377,456,623.476,102.719,410.082,378,0,217,690.033,404.16900000000004,403.782
216,217,ori_ph:0377-0409-0103:initial_folder_10_0376,451,622.339,102.811,410.07599999999996,377,0,218,691.687,404.898,403.481
217,218,ori_ph:0376-0410-0103:initial_folder_10_0375,447,629.0830000000001,102.771,410.56300000000005,376,0,219,693.461,404.19699999999995,403.26099999999997
218,219,ori_ph:0375-0411-0103:initial_folder_10_0374,430,626.0419999999999,102.78200000000001,411.12800000000004,375,0,220,692.3480000000001,406.11400000000003,403.81300000000005
219,220,ori_ph:0374-0412-0103:initial_folder_10_0373,426,623.575,102.465,411.728,374,0,221,692.355,404.465,403.87300000000005
220,221,ori_ph:0373-0413-0103:initial_folder_10_0372,384,622.359,102.495,413.1,373,0,222,693.197,404.04400000000004,403.411
221,222,ori_ph:0372-0415-0104:initial_folder_10_0371,301,628.89,104.65,416.05800000000005,372,0,223,694.5219999999999,405.17900000000003,403.463
222,223,ori_ph:0371-0416-0104:initial_folder_10_0370,291,630.447,104.634,417.26800000000003,371,0,224,695.154,402.945,403.76099999999997
223,224,ori_ph:0370-0417-0104:initial_folder_10_0369,258,635.519,104.306,417.463,370,0,225,695.48,406.163,403.865
224,225,ori_ph:0369-0417-0104:initial_folder_10_0368,264,630.674,104.65899999999999,418.064,369,0,226,698.543,404.144,403.707
225,226,ori_ph:0368-0416-0104:initial_folder_10_0367,272,635.507,104.561,417.352,368,0,227,700.541,405.01800000000003,403.57800000000003
226,227,ori_ph:0367-0416-0104:initial_folder_10_0366,279,644.24,104.029,416.06300000000005,367,0,228,710.296,406.341,404.376
227,228,ori_ph:0366-0419-0104:initial_folder_10_0365,239,625.925,104.915,418.95099999999996,366,0,229,662.635,406.824,403.967
228,229,ori_ph:0365-0420-0104:initial_folder_10_0364,229,624.231,104.995,420.35900000000004,365,0,230,662.052,406.533,404.184
229,230,ori_ph:0364-0420-0104:initial_folder_10_0363,208,627.952,105.301,420.593,364,0,231,661.9119999999999,404.409,403.849
230,231,ori_ph:0363-0421-0105:initial_folder_10_0362,185,624.043,105.617,422.006,363,0,232,662.513,405.56800000000004,403.98800000000006
231,232,ori_ph:0362-0421-0105:initial_folder_10_0361,193,622.332,105.664,421.381,362,0,233,661.66,405.409,403.63699999999994
232,233,ori_ph:0361-0421-0106:initial_folder_10_0360,187,619.08,106.145,421.07199999999995,361,0,234,664.627,406.01099999999997,403.907
233,234,ori_ph:0360-0422-0104:initial_folder_10_0359,201,632.736,104.23899999999999,421.315,360,0,235,660.7410000000001,405.09,403.707
234,235,ori_ph:0359-0421-0100:initial_folder_10_0358,203,643.645,100.65799999999999,420.98699999999997,359,0,236,663.291,405.892,404.26300000000003
235,236,ori_ph:0358-0408-0103:initial_folder_10_0357,475,626.373,102.90100000000001,408.098,358,0,237,666.658,405.472,404.601
236,237,ori_ph:0357-0409-0104:initial_folder_10_0356,479,626.626,103.72200000000001,408.923,357,0,238,662.53,404.95599999999996,404.152
237,238,ori_ph:0356-0410-0104:initial_folder_10_0355,444,629.322,103.728,409.54900000000004,356,0,239,663.807,405.624,404.129
238,239,ori_ph:0355-0411-0104:initial_folder_10_0354,419,622.456,103.581,410.82599999999996,355,0,240,661.457,405.97900000000004,404.595
239,240,ori_ph:0354-0411-0105:initial_folder_10_0353,399,620.925,104.52,411.686,354,0,241,662.005,405.38300000000004,403.98
240,241,ori_ph:0353-0411-0105:initial_folder_10_0352,393,624.328,104.742,411.68800000000005,353,0,242,663.198,405.80699999999996,404.056
241,242,ori_ph:0352-0413-0103:initial_folder_10_0351,391,622.79,103.37299999999999,412.89599999999996,352,0,243,662.5,405.17900000000003,404.61800000000005
242,243,ori_ph:0351-0413-0103:initial_folder_10_0350,374,626.682,103.37899999999999,412.865,351,0,244,662.3480000000001,405.13599999999997,403.995
243,244,ori_ph:0350-0414-0103:initial_folder_10_0349,371,618.323,104.09899999999999,414.361,350,0,245,661.413,404.36699999999996,404.031
244,245,ori_ph:0349-0414-0104:initial_folder_10_0348,343,626.872,104.63,414.755,349,0,246,661.99,405.274,404.16
245,246,ori_ph:0348-0415-0104:initial_folder_10_0347,311,625.945,104.99,415.83099999999996,348,0,247,663.0310000000001,405.19,403.885
246,247,ori_ph:0347-0415-0104:initial_folder_10_0346,335,621.49,104.88600000000001,415.806,347,0,248,661.923,404.546,403.848
247,248,ori_ph:0346-0416-0104:initial_folder_10_0345,312,621.615,104.68299999999999,415.99699999999996,346,0,249,663.169,404.795,404.01800000000003
248,249,ori_ph:0345-0416-0104:initial_folder_10_0344,301,621.262,104.936,416.24199999999996,345,0,250,662.0,405.14,404.038
249,250,ori_ph:0344-0416-0105:initial_folder_10_0343,284,627.585,105.20100000000001,416.42199999999997,344,0,251,661.747,404.651,403.80400000000003
250,251,ori_ph:0343-0416-0104:initial_folder_10_0342,294,621.503,105.119,416.49800000000005,343,0,252,662.695,403.616,403.751
251,252,ori_ph:0342-0416-0104:initial_folder_10_0341,301,623.196,105.085,416.60900000000004,342,0,253,663.4739999999999,405.05,404.11300000000006
252,253,ori_ph:0341-0417-0104:initial_folder_10_0340,298,628.101,105.124,417.43300000000005,341,0,254,663.324,403.88599999999997,404.13300000000004
253,254,ori_ph:0340-0417-0104:initial_folder_10_0339,278,631.928,105.14299999999999,417.959,340,0,255,663.505,404.66900000000004,404.11199999999997
254,255,ori_ph:0339-0419-0104:initial_folder_10_0338,256,631.418,104.96799999999999,419.06199999999995,339,0,256,663.005,404.281,403.45
255,256,ori_ph:0338-0419-0104:initial_folder_10_0337,239,624.163,105.01299999999999,419.401,338,0,257,661.47,403.523,403.032
256,257,ori_ph:0337-0418-0104:initial_folder_10_0336,238,620.021,105.029,418.955,337,0,258,663.452,404.05,403.656
257,258,ori_ph:0336-0417-0103:initial_folder_10_0335,279,633.133,104.116,417.60900000000004,336,0,259,668.383,404.287,404.501
258,259,ori_ph:0335-0419-0104:initial_folder_10_0334,265,634.604,104.264,418.856,335,0,260,666.877,404.472,404.17
259,260,ori_ph:0334-0420-0104:initial_folder_10_0333,230,629.03,104.556,419.89099999999996,334,0,261,665.2189999999999,403.85699999999997,404.009
260,261,ori_ph:0333-0420-0104:initial_folder_10_0332,232,628.5,105.113,420.25699999999995,333,0,262,665.0319999999999,403.69800000000004,404.284
261,262,ori_ph:0332-0420-0104:initial_folder_10_0331,245,625.441,105.09200000000001,420.22,332,0,263,665.7689999999999,404.686,404.17199999999997
262,263,ori_ph:0331-0420-0104:initial_folder_10_0330,231,627.177,105.21,420.80300000000005,331,0,264,665.7189999999999,405.36400000000003,404.291
263,264,ori_ph:0330-0420-0104:initial_folder_10_0329,225,629.9159999999999,105.316,420.74,330,0,265,665.33,402.88,403.87
264,265,ori_ph:0329-0421-0103:initial_folder_10_0328,193,642.031,103.509,420.713,329,0,266,664.9639999999999,406.394,403.55
265,266,ori_ph:0328-0408-0101:initial_folder_10_0327,388,619.6080000000001,100.46600000000001,411.384,328,0,267,665.0830000000001,405.399,404.259
266,267,ori_ph:0327-0409-0101:initial_folder_10_0326,432,620.785,100.635,409.728,327,0,268,665.2610000000001,403.685,403.98699999999997
267,268,ori_ph:0326-0410-0101:initial_folder_10_0325,394,624.452,100.73899999999999,411.52099999999996,326,0,269,664.9780000000001,404.16,403.895
268,269,ori_ph:0325-0410-0101:initial_folder_10_0324,395,625.197,100.98299999999999,411.094,325,0,270,665.2239999999999,406.154,403.93199999999996
269,270,ori_ph:0324-0410-0101:initial_folder_10_0323,420,621.264,101.212,410.115,324,0,271,666.305,404.881,403.93199999999996
270,271,ori_ph:0323-0411-0101:initial_folder_10_0322,388,621.611,101.06,411.07199999999995,323,0,272,665.956,403.335,404.351
271,272,ori_ph:0322-0411-0101:initial_folder_10_0321,400,623.46,101.167,412.032,322,0,273,665.7510000000001,406.092,404.111
272,273,ori_ph:0321-0412-0101:initial_folder_10_0320,391,625.5930000000001,101.255,412.18199999999996,321,0,274,666.0360000000001,404.246,403.71
273,274,ori_ph:0320-0412-0101:initial_folder_10_0319,401,625.9780000000001,101.611,412.27,320,0,275,665.765,404.097,404.097
274,275,ori_ph:0319-0413-0101:initial_folder_10_0318,351,624.966,100.93700000000001,413.657,319,0,276,665.6080000000001,405.49300000000005,404.106
275,276,ori_ph:0318-0414-0101:initial_folder_10_0317,351,624.909,100.755,414.741,318,0,277,665.867,404.726,404.06800000000004
276,277,ori_ph:0317-0415-0100:initial_folder_10_0316,330,626.433,100.374,415.454,317,0,278,666.699,405.37,404.207
277,278,ori_ph:0316-0416-0099:initial_folder_10_0315,324,625.58,99.84,416.32599999999996,316,0,279,666.1619999999999,405.728,403.976
278,279,ori_ph:0315-0417-0099:initial_folder_10_0314,309,626.88,99.45299999999999,417.163,315,0,280,667.6030000000001,407.42699999999996,403.981
279,280,ori_ph:0314-0416-0100:initial_folder_10_0313,327,625.1469999999999,99.89200000000001,416.82099999999997,314,0,281,664.702,405.43699999999995,403.89
280,281,ori_ph:0313-0416-0100:initial_folder_10_0312,332,624.193,100.096,416.63300000000004,313,0,282,666.284,406.166,404.21
281,282,ori_ph:0312-0416-0099:initial_folder_10_0311,312,626.599,99.98100000000001,416.07800000000003,312,0,283,666.437,404.545,404.07199999999995
282,283,ori_ph:0311-0417-0100:initial_folder_10_0310,308,629.146,100.44,416.973,311,0,284,667.628,405.789,404.29400000000004
283,284,ori_ph:0310-0417-0100:initial_folder_10_0309,297,632.0980000000001,100.792,417.249,310,0,285,666.195,405.246,404.63800000000003
284,285,ori_ph:0309-0417-0100:initial_folder_10_0308,295,634.237,100.698,417.37300000000005,309,0,286,666.96,404.597,404.469
285,286,ori_ph:0308-0417-0101:initial_folder_10_0307,298,627.5840000000001,101.579,417.048,308,0,287,665.53,404.44,404.469
286,287,ori_ph:0307-0419-0105:initial_folder_10_0306,268,630.403,105.135,418.365,307,0,288,666.252,404.526,404.575
287,288,ori_ph:0306-0418-0105:initial_folder_10_0305,296,616.932,104.758,417.535,306,0,289,665.972,404.348,404.711
288,289,ori_ph:0305-0420-0106:initial_folder_10_0304,225,616.573,105.475,419.871,305,0,290,665.372,404.27099999999996,404.654
289,290,ori_ph:0304-0411-0102:initial_folder_10_0303,471,613.631,102.427,410.209,304,0,291,665.3,403.949,404.23400000000004
290,291,ori_ph:0303-0412-0101:initial_folder_10_0302,445,611.476,102.28399999999999,410.957,303,0,292,665.982,405.35699999999997,404.296
291,292,ori_ph:0302-0413-0101:initial_folder_10_0301,433,613.3969999999999,101.965,412.475,302,0,293,665.893,404.79400000000004,404.735
292,293,ori_ph:0301-0414-0100:initial_folder_10_0300,402,612.555,101.47399999999999,413.49300000000005,301,0,294,665.086,404.726,403.973
293,294,ori_ph:0300-0415-0101:initial_folder_10_0299,412,615.675,101.68799999999999,413.616,300,0,295,666.4010000000001,404.597,404.624
294,295,ori_ph:0299-0416-0103:initial_folder_10_0298,380,616.55,103.82600000000001,414.722,299,0,296,664.8380000000001,404.80800000000005,404.436
295,296,ori_ph:0298-0416-0104:initial_folder_10_0297,359,614.036,103.946,415.309,298,0,297,665.1060000000001,404.861,404.278
296,297,ori_ph:0297-0417-0103:initial_folder_10_0296,337,615.846,103.663,416.184,297,0,298,666.2280000000001,405.715,404.056
297,298,ori_ph:0296-0418-0104:initial_folder_10_0295,306,617.971,103.946,417.142,296,0,299,665.982,405.26800000000003,403.705
298,299,ori_ph:0295-0418-0104:initial_folder_10_0294,314,618.408,103.757,417.13699999999994,295,0,300,667.1080000000001,404.70099999999996,404.156
299,300,ori_ph:0294-0418-0103:initial_folder_10_0293,301,610.794,103.78,417.631,294,0,301,666.802,404.36199999999997,404.033
300,301,ori_ph:0293-0419-0104:initial_folder_10_0292,287,609.181,104.432,419.38300000000004,293,0,302,664.748,404.934,404.431
301,302,ori_ph:0292-0419-0105:initial_folder_10_0291,267,607.745,104.925,419.644,292,0,303,666.6030000000001,403.921,404.223
302,303,ori_ph:0291-0420-0102:initial_folder_10_0290,246,622.524,102.633,420.33,291,0,304,666.566,405.11800000000005,404.56800000000004
303,304,ori_ph:0290-0420-0102:initial_folder_10_0289,250,621.428,102.385,419.76599999999996,290,0,305,666.0369999999999,404.904,404.037
304,305,ori_ph:0289-0410-0102:initial_folder_10_0288,539,604.722,102.194,409.527,289,0,306,665.065,405.401,404.235
305,306,ori_ph:0288-0411-0102:initial_folder_10_0287,516,605.6569999999999,102.2,410.462,288,0,307,665.186,405.36199999999997,404.524
306,307,ori_ph:0287-0412-0102:initial_folder_10_0286,500,604.648,102.289,411.18,287,0,308,666.47,405.352,404.445
307,308,ori_ph:0286-0413-0101:initial_folder_10_0285,495,598.879,102.16,411.589,286,0,309,666.1569999999999,404.42400000000004,403.921
308,309,ori_ph:0285-0414-0102:initial_folder_10_0284,439,606.934,102.815,413.41,285,0,310,665.755,405.349,403.976
309,310,ori_ph:0284-0413-0102:initial_folder_10_0283,465,608.2919999999999,102.811,412.833,284,0,311,668.0060000000001,404.17400000000004,404.13800000000003
310,311,ori_ph:0283-0413-0102:initial_folder_10_0282,456,608.029,102.90799999999999,412.49699999999996,283,0,312,665.6460000000001,404.2,403.84
311,312,ori_ph:0282-0414-0103:initial_folder_10_0281,426,604.552,103.20100000000001,413.226,282,0,313,664.0930000000001,404.991,404.3
312,313,ori_ph:0281-0414-0102:initial_folder_10_0280,449,608.341,102.992,412.8,281,0,314,665.671,405.849,404.32300000000004
313,314,ori_ph:0280-0414-0102:initial_folder_10_0279,427,611.1619999999999,102.928,412.999,280,0,315,665.936,405.665,403.659
314,315,ori_ph:0279-0417-0101:initial_folder_10_0278,347,599.455,101.36399999999999,416.189,279,0,316,665.571,405.63699999999994,403.95599999999996
315,316,ori_ph:0278-0417-0102:initial_folder_10_0277,358,601.307,101.15,416.539,278,0,317,666.273,404.899,403.88800000000003
316,317,ori_ph:0277-0418-0102:initial_folder_10_0276,359,603.27,101.065,416.55,277,0,318,665.1089999999999,405.07800000000003,404.32099999999997
317,318,ori_ph:0276-0417-0102:initial_folder_10_0275,324,601.988,101.45700000000001,417.069,276,0,319,665.8839999999999,404.556,404.24300000000005
318,319,ori_ph:0275-0419-0103:initial_folder_10_0274,313,604.7280000000001,103.009,418.814,275,0,320,664.59,404.716,403.876
319,320,ori_ph:0274-0419-0103:initial_folder_10_0273,298,603.581,103.51700000000001,419.49800000000005,274,0,321,665.6010000000001,403.85900000000004,404.333
320,321,ori_ph:0273-0420-0104:initial_folder_10_0272,289,604.481,103.552,419.279,273,0,322,665.885,404.76800000000003,404.158
321,322,ori_ph:0272-0419-0104:initial_folder_10_0271,294,606.595,103.73100000000001,419.54699999999997,272,0,323,663.875,404.796,404.06699999999995
322,323,ori_ph:0271-0419-0104:initial_folder_10_0270,299,606.732,103.876,419.207,271,0,324,665.7230000000001,404.207,403.913
323,324,ori_ph:0270-0420-0104:initial_folder_10_0269,273,605.5459999999999,104.295,419.94199999999995,270,0,325,666.056,403.777,404.019
324,325,ori_ph:0269-0421-0104:initial_folder_10_0268,257,606.019,104.09,420.574,269,0,326,666.7539999999999,403.66900000000004,404.147
325,326,ori_ph:0268-0421-0104:initial_folder_10_0267,261,605.8580000000001,103.779,420.847,268,0,327,665.034,405.29900000000004,403.858
326,327,ori_ph:0267-0420-0104:initial_folder_10_0266,254,607.035,104.279,420.44,267,0,328,663.8960000000001,404.15,403.904
327,328,ori_ph:0266-0421-0104:initial_folder_10_0265,261,607.602,104.109,420.68,266,0,329,664.76,404.99199999999996,403.824
328,329,ori_ph:0265-0421-0100:initial_folder_10_0264,248,614.629,100.235,420.968,265,0,330,664.992,405.431,403.87
329,330,ori_ph:0264-0421-0100:initial_folder_10_0263,233,608.687,100.765,420.939,264,0,331,665.117,406.14599999999996,404.085
330,331,ori_ph:0263-0409-0102:initial_folder_10_0262,567,607.106,101.839,408.944,263,0,332,666.686,404.086,403.577
331,332,ori_ph:0262-0410-0102:initial_folder_10_0261,543,605.26,101.795,410.41900000000004,262,0,333,667.426,404.73699999999997,403.855
332,333,ori_ph:0261-0410-0102:initial_folder_10_0260,524,604.695,101.73700000000001,410.306,261,0,334,666.0360000000001,405.24,404.204
333,334,ori_ph:0260-0412-0102:initial_folder_10_0259,507,607.817,102.131,411.952,260,0,335,665.942,404.533,404.394
334,335,ori_ph:0259-0411-0102:initial_folder_10_0258,520,606.371,101.906,410.837,259,0,336,667.159,403.31199999999995,404.014
335,336,ori_ph:0258-0411-0103:initial_folder_10_0257,500,605.44,102.335,411.777,258,0,337,665.665,404.478,404.12
336,337,ori_ph:0257-0412-0102:initial_folder_10_0256,497,607.732,102.2,412.59,257,0,338,665.549,404.41900000000004,403.88300000000004
337,338,ori_ph:0256-0412-0103:initial_folder_10_0255,460,606.028,102.50200000000001,412.42199999999997,256,0,339,664.73,404.62199999999996,404.75
338,339,ori_ph:0255-0412-0103:initial_folder_10_0254,458,602.5790000000001,102.76799999999999,412.971,255,0,340,664.197,405.95,403.963
339,340,ori_ph:0254-0412-0103:initial_folder_10_0253,449,606.9490000000001,102.91799999999999,413.275,254,0,341,666.6439999999999,404.835,404.051
340,341,ori_ph:0253-0413-0103:initial_folder_10_0252,436,604.672,103.0,413.63599999999997,253,0,342,666.4780000000001,403.814,403.906
341,342,ori_ph:0252-0413-0102:initial_folder_10_0251,403,607.995,102.819,413.505,252,0,343,665.191,404.32,404.208
342,343,ori_ph:0251-0414-0102:initial_folder_10_0250,416,605.0790000000001,102.62200000000001,414.218,251,0,344,665.8639999999999,404.43800000000005,403.73900000000003
343,344,ori_ph:0250-0414-0102:initial_folder_10_0249,382,606.16,102.391,414.619,250,0,345,666.37,405.346,403.665
344,345,ori_ph:0249-0415-0102:initial_folder_10_0248,380,607.274,102.411,415.684,249,0,346,666.743,405.01599999999996,403.85900000000004
345,346,ori_ph:0248-0417-0103:initial_folder_10_0247,362,606.202,102.868,417.026,248,0,347,666.2610000000001,403.754,403.98400000000004
346,347,ori_ph:0247-0417-0103:initial_folder_10_0246,340,605.165,103.061,417.517,247,0,348,666.834,403.19699999999995,404.1
347,348,ori_ph:0246-0418-0103:initial_folder_10_0245,340,609.029,103.15299999999999,417.907,246,0,349,666.472,404.874,404.035
348,349,ori_ph:0245-0418-0102:initial_folder_10_0244,340,610.774,102.97200000000001,417.66900000000004,245,0,350,666.91,403.29699999999997,404.038
349,350,ori_ph:0244-0418-0102:initial_folder_10_0243,311,607.511,102.90100000000001,417.733,244,0,351,666.545,405.064,404.241
350,351,ori_ph:0243-0417-0102:initial_folder_10_0242,318,611.34,102.991,417.53,243,0,352,666.2510000000001,405.421,403.904
351,352,ori_ph:0242-0419-0102:initial_folder_10_0241,295,603.641,101.91,419.01199999999994,242,0,353,666.74,403.746,404.06800000000004
352,353,ori_ph:0241-0420-0102:initial_folder_10_0240,268,603.5409999999999,102.131,420.30300000000005,241,0,354,665.997,404.485,403.69300000000004
353,354,ori_ph:0240-0406-0102:initial_folder_10_0239,650,600.734,102.26799999999999,407.04400000000004,240,0,355,666.798,404.418,403.827
354,355,ori_ph:0239-0406-0102:initial_folder_10_0238,640,597.062,102.334,406.662,239,0,356,665.51,405.03,403.772
355,356,ori_ph:0238-0408-0103:initial_folder_10_0237,602,599.832,102.56700000000001,407.69699999999995,238,0,357,667.675,403.98,403.60400000000004
356,357,ori_ph:0237-0409-0102:initial_folder_10_0236,589,600.9019999999999,102.50299999999999,408.29900000000004,237,0,358,667.296,403.718,403.66900000000004
357,358,ori_ph:0236-0410-0102:initial_folder_10_0235,589,599.82,102.506,409.38699999999994,236,0,359,666.8560000000001,403.88300000000004,404.37300000000005
358,359,ori_ph:0235-0411-0103:initial_folder_10_0234,558,597.0269999999999,102.565,410.45,235,0,360,667.283,405.208,403.555
359,360,ori_ph:0234-0412-0102:initial_folder_10_0233,518,597.207,102.074,411.665,234,0,361,668.6469999999999,405.905,404.03
360,361,ori_ph:0233-0412-0102:initial_folder_10_0232,503,596.191,102.15299999999999,411.519,233,0,362,667.932,404.13300000000004,403.86300000000006
361,362,ori_ph:0232-0412-0102:initial_folder_10_0231,508,598.437,102.338,411.756,232,0,363,666.6510000000001,405.69699999999995,403.95099999999996
362,363,ori_ph:0231-0412-0102:initial_folder_10_0230,480,599.49,102.175,412.1,231,0,364,667.35,404.846,403.776
363,364,ori_ph:0230-0414-0102:initial_folder_10_0229,456,601.395,102.25399999999999,413.281,230,0,365,668.105,404.30300000000005,404.13800000000003
364,365,ori_ph:0229-0413-0102:initial_folder_10_0228,443,600.2909999999999,102.236,413.228,229,0,366,669.245,404.535,403.86699999999996
365,366,ori_ph:0228-0414-0103:initial_folder_10_0227,424,600.224,102.79,413.44800000000004,228,0,367,668.784,403.524,403.67800000000005
366,367,ori_ph:0227-0414-0102:initial_folder_10_0226,435,606.756,102.48100000000001,413.94699999999995,227,0,368,668.1360000000001,405.31,404.152
367,368,ori_ph:0226-0414-0102:initial_folder_10_0225,414,606.7130000000001,102.53299999999999,414.42400000000004,226,0,369,666.9780000000001,405.394,403.952
368,369,ori_ph:0225-0415-0103:initial_folder_10_0224,396,609.232,103.009,414.795,225,0,370,668.385,404.23199999999997,404.046
369,370,ori_ph:0224-0415-0102:initial_folder_10_0223,378,608.349,102.806,415.62300000000005,224,0,371,668.8910000000001,404.537,403.619
370,371,ori_ph:0223-0417-0102:initial_folder_10_0222,357,607.566,102.74,416.66900000000004,223,0,372,669.685,404.936,404.287
371,372,ori_ph:0222-0417-0103:initial_folder_10_0221,347,606.124,102.947,416.918,222,0,373,668.1160000000001,406.671,403.994
372,373,ori_ph:0221-0417-0103:initial_folder_10_0220,349,611.155,103.345,416.764,221,0,374,669.475,405.774,403.702
373,374,ori_ph:0220-0417-0104:initial_folder_10_0219,327,608.969,103.475,416.971,220,0,375,668.6669999999999,404.954,403.711
374,375,ori_ph:0219-0419-0103:initial_folder_10_0218,299,609.672,103.22,418.124,219,0,376,669.956,404.33099999999996,404.306
375,376,ori_ph:0218-0405-0103:initial_folder_10_0217,667,603.252,103.085,405.01099999999997,218,0,377,669.181,404.56699999999995,404.08099999999996
376,377,ori_ph:0217-0406-0102:initial_folder_10_0216,632,608.783,102.902,406.01599999999996,217,0,378,670.035,405.006,404.27099999999996
377,378,ori_ph:0216-0406-0102:initial_folder_10_0215,618,609.265,102.874,406.39599999999996,216,0,379,668.905,404.56300000000005,403.684
378,379,ori_ph:0215-0408-0102:initial_folder_10_0214,588,611.696,102.675,407.61300000000006,215,0,380,669.709,405.075,403.978
379,380,ori_ph:0214-0407-0102:initial_folder_10_0213,589,609.35,102.756,407.48199999999997,214,0,381,668.033,404.657,404.12699999999995
380,381,ori_ph:0213-0408-0102:initial_folder_10_0212,580,608.5790000000001,102.76100000000001,408.24199999999996,213,0,382,668.836,403.48400000000004,403.73199999999997
381,382,ori_ph:0212-0409-0102:initial_folder_10_0211,562,609.132,102.764,408.298,212,0,383,668.752,404.32599999999996,404.094
382,383,ori_ph:0211-0410-0102:initial_folder_10_0210,545,609.565,102.825,409.5,211,0,384,670.419,403.976,403.707
383,384,ori_ph:0210-0411-0103:initial_folder_10_0209,525,607.947,103.404,410.972,210,0,385,668.7869999999999,403.505,403.67400000000004
384,385,ori_ph:0209-0411-0104:initial_folder_10_0208,511,607.748,103.67200000000001,410.836,209,0,386,669.3789999999999,405.397,403.865
385,386,ori_ph:0208-0411-0103:initial_folder_10_0207,503,611.34,103.219,410.931,208,0,387,668.738,404.775,403.789
386,387,ori_ph:0207-0412-0103:initial_folder_10_0206,497,611.9580000000001,103.258,411.361,207,0,388,671.065,404.958,403.713
387,388,ori_ph:0206-0412-0104:initial_folder_10_0205,487,612.591,103.56299999999999,411.597,206,0,389,672.0139999999999,403.69,404.121
388,389,ori_ph:0205-0410-0103:initial_folder_10_0204,484,613.655,103.412,410.401,205,0,390,675.122,403.63199999999995,403.765
389,390,ori_ph:0204-0412-0103:initial_folder_10_0203,460,609.8,103.43,412.065,204,0,391,669.775,403.31699999999995,403.825
390,391,ori_ph:0203-0412-0103:initial_folder_10_0202,459,615.028,103.196,412.50800000000004,203,0,392,672.398,403.98900000000003,403.76800000000003
391,392,ori_ph:0202-0413-0103:initial_folder_10_0201,454,611.841,102.993,412.901,202,0,393,671.018,402.916,404.02
392,393,ori_ph:0201-0412-0101:initial_folder_10_0200,421,612.2869999999999,101.686,413.03,201,0,394,669.8639999999999,404.394,404.10699999999997
393,394,ori_ph:0200-0414-0102:initial_folder_10_0199,406,611.091,102.11,414.402,200,0,395,670.113,404.416,403.79699999999997
394,395,ori_ph:0199-0399-0102:initial_folder_10_0198,791,608.229,101.78399999999999,398.375,199,0,396,669.26,404.523,404.23400000000004
395,396,ori_ph:0198-0400-0102:initial_folder_10_0197,773,606.039,102.249,399.63199999999995,198,0,397,672.242,404.149,403.99199999999996
396,397,ori_ph:0197-0402-0102:initial_folder_10_0196,729,607.576,102.684,401.67699999999996,197,0,398,671.47,404.00800000000004,404.039
397,398,ori_ph:0196-0405-0104:initial_folder_10_0195,586,608.009,104.04799999999999,406.69800000000004,196,0,399,671.753,404.754,403.704
398,399,ori_ph:0195-0405-0104:initial_folder_10_0194,579,606.592,104.223,407.086,195,0,400,670.5010000000001,404.596,403.972
399,400,ori_ph:0194-0405-0104:initial_folder_10_0193,577,609.894,104.208,406.87800000000004,194,0,401,671.1669999999999,404.14599999999996,404.1
400,401,ori_ph:0193-0406-0104:initial_folder_10_0192,584,608.086,104.238,407.11800000000005,193,0,402,671.135,404.24699999999996,403.759
401,402,ori_ph:0192-0406-0104:initial_folder_10_0191,556,606.613,104.316,407.539,192,0,403,671.572,404.44199999999995,404.164
402,403,ori_ph:0191-0406-0104:initial_folder_10_0190,555,608.659,104.52,407.566,191,0,404,673.428,403.542,403.921
403,404,ori_ph:0190-0406-0104:initial_folder_10_0189,560,609.1659999999999,104.32,408.14599999999996,190,0,405,672.512,404.405,403.957
404,405,ori_ph:0189-0407-0103:initial_folder_10_0188,570,608.7040000000001,103.802,407.517,189,0,406,672.3489999999999,405.409,404.35900000000004
405,406,ori_ph:0188-0407-0104:initial_folder_10_0187,538,607.1709999999999,104.31700000000001,408.501,188,0,407,673.7769999999999,403.74,404.098
406,407,ori_ph:0187-0408-0104:initial_folder_10_0186,549,611.672,104.165,408.528,187,0,408,672.91,405.31300000000005,404.17699999999996
407,408,ori_ph:0186-0409-0104:initial_folder_10_0185,531,607.237,104.461,409.47900000000004,186,0,409,670.2280000000001,404.324,404.588
408,409,ori_ph:0185-0409-0104:initial_folder_10_0184,513,608.3919999999999,104.461,409.965,185,0,410,672.559,403.704,404.108
409,410,ori_ph:0184-0409-0104:initial_folder_10_0183,514,612.294,104.34700000000001,409.657,184,0,411,673.163,404.195,404.444
410,411,ori_ph:0183-0410-0104:initial_folder_10_0182,516,611.06,104.31,410.089,183,0,412,672.414,403.853,404.565
411,412,ori_ph:0182-0410-0104:initial_folder_10_0181,506,611.158,104.446,410.37300000000005,182,0,413,671.6610000000001,404.911,405.024
412,413,ori_ph:0181-0409-0104:initial_folder_10_0180,498,610.938,104.421,409.86400000000003,181,0,414,672.0210000000001,404.556,404.598
413,414,ori_ph:0180-0410-0104:initial_folder_10_0179,495,613.556,104.27799999999999,410.394,180,0,415,672.9910000000001,404.083,404.17699999999996
414,415,ori_ph:0179-0411-0104:initial_folder_10_0178,477,613.795,104.374,411.165,179,0,416,673.1410000000001,404.556,404.711
415,416,ori_ph:0178-0412-0104:initial_folder_10_0177,470,613.251,104.34299999999999,411.597,178,0,417,672.71,404.777,404.39099999999996
416,417,ori_ph:0177-0411-0104:initial_folder_10_0176,457,612.51,104.50200000000001,411.44800000000004,177,0,418,671.929,404.72,404.18800000000005
417,418,ori_ph:0176-0412-0104:initial_folder_10_0175,454,615.9069999999999,104.417,412.074,176,0,419,672.933,404.80199999999996,404.635
418,419,ori_ph:0175-0412-0104:initial_folder_10_0174,448,612.73,104.516,412.13199999999995,175,0,420,673.2510000000001,403.93300000000005,404.63800000000003
419,420,ori_ph:0174-0412-0104:initial_folder_10_0173,441,615.909,104.33200000000001,411.895,174,0,421,672.5189999999999,405.18800000000005,404.75699999999995
420,421,ori_ph:0173-0412-0104:initial_folder_10_0172,430,621.9209999999999,104.435,412.204,173,0,422,674.375,404.074,404.816
421,422,ori_ph:0172-0412-0104:initial_folder_10_0171,447,619.237,104.49,411.976,172,0,423,672.445,404.781,404.99300000000005
422,423,ori_ph:0171-0413-0104:initial_folder_10_0170,435,621.577,104.329,412.194,171,0,424,672.196,404.92,405.256
423,424,ori_ph:0170-0413-0104:initial_folder_10_0169,436,622.899,104.553,412.897,170,0,425,673.505,404.273,404.968
424,425,ori_ph:0169-0413-0105:initial_folder_10_0168,417,617.372,104.71700000000001,413.023,169,0,426,673.778,404.82,404.48900000000003
425,426,ori_ph:0168-0413-0105:initial_folder_10_0167,406,624.867,104.75299999999999,412.56300000000005,168,0,427,673.4839999999999,404.025,404.55300000000005
426,427,ori_ph:0167-0413-0105:initial_folder_10_0166,393,623.766,104.902,412.996,167,0,428,674.0310000000001,404.51099999999997,404.724
427,428,ori_ph:0166-0413-0104:initial_folder_10_0165,401,621.965,104.662,413.43,166,0,429,672.424,403.963,404.461
428,429,ori_ph:0165-0412-0104:initial_folder_10_0164,394,619.761,104.788,413.038,165,0,430,672.414,404.462,404.292
429,430,ori_ph:0164-0413-0104:initial_folder_10_0163,397,621.529,104.64,413.28,164,0,431,672.3969999999999,404.55699999999996,404.472
430,431,ori_ph:0163-0413-0104:initial_folder_10_0162,405,621.931,104.74799999999999,413.689,163,0,432,674.035,404.56300000000005,404.09
431,432,ori_ph:0162-0413-0104:initial_folder_10_0161,388,617.91,104.45100000000001,413.694,162,0,433,673.125,405.61300000000006,404.50800000000004
432,433,ori_ph:0161-0412-0104:initial_folder_10_0160,400,625.783,104.14399999999999,412.806,161,0,434,674.4939999999999,403.952,404.01
433,434,ori_ph:0160-0413-0104:initial_folder_10_0159,398,619.266,103.904,413.659,160,0,435,673.275,404.81699999999995,404.82599999999996
434,435,ori_ph:0159-0420-0106:initial_folder_10_0158,284,614.496,106.454,419.19199999999995,159,0,436,674.341,404.116,404.29400000000004
435,436,ori_ph:0158-0419-0107:initial_folder_10_0157,221,614.072,107.64200000000001,418.80699999999996,158,0,437,674.5219999999999,403.787,404.50699999999995
436,437,ori_ph:0157-0419-0106:initial_folder_10_0156,232,621.819,106.54299999999999,419.19699999999995,157,0,438,674.081,403.92199999999997,404.04900000000004
437,438,ori_ph:0156-0419-0107:initial_folder_10_0155,204,620.8530000000001,106.912,418.593,156,0,439,674.0880000000001,404.735,404.67199999999997
438,439,ori_ph:0155-0418-0107:initial_folder_10_0154,170,615.206,107.633,417.582,155,0,440,674.1189999999999,404.45300000000003,404.874
439,440,ori_ph:0154-0420-0107:initial_folder_10_0153,188,621.298,106.807,420.01800000000003,154,0,441,673.747,405.745,405.222
440,441,ori_ph:0153-0419-0107:initial_folder_10_0152,216,623.319,107.852,418.523,153,0,442,672.3539999999999,403.616,404.971
441,442,ori_ph:0152-0419-0107:initial_folder_10_0151,201,620.881,107.98,417.94,152,0,443,673.706,405.30300000000005,404.73800000000006
442,443,ori_ph:0151-0420-0108:initial_folder_10_0150,206,621.345,108.14299999999999,419.889,151,0,444,674.702,404.55800000000005,405.01300000000003
443,444,ori_ph:0150-0421-0107:initial_folder_10_0149,210,622.081,107.545,421.63599999999997,150,0,445,673.798,405.01,404.478
444,445,ori_ph:0149-0420-0107:initial_folder_10_0148,173,621.896,107.45299999999999,420.20300000000003,149,0,446,676.2710000000001,404.10400000000004,404.532
445,446,ori_ph:0148-0419-0108:initial_folder_10_0147,158,617.114,108.538,418.87,148,0,447,676.934,405.93,405.249
446,447,ori_ph:0147-0419-0107:initial_folder_10_0146,203,619.995,107.62100000000001,419.413,147,0,448,675.342,404.468,405.17900000000003
447,448,ori_ph:0146-0419-0107:initial_folder_10_0145,186,615.172,107.775,420.168,146,0,449,675.497,404.608,405.577
448,449,ori_ph:0145-0415-0107:initial_folder_10_0144,174,623.437,107.02600000000001,414.848,145,0,450,675.355,404.075,405.325
449,450,ori_ph:0144-0417-0108:initial_folder_10_0143,160,612.688,108.345,416.785,144,0,451,676.442,404.55,405.37699999999995
450,451,ori_ph:0143-0420-0108:initial_folder_10_0142,164,613.415,108.225,420.347,143,0,452,676.074,404.35400000000004,405.249
451,452,ori_ph:0142-0420-0108:initial_folder_10_0141,176,619.341,108.208,420.029,142,0,453,676.447,403.705,405.55199999999996
452,453,ori_ph:0141-0408-0107:initial_folder_10_0140,323,611.241,107.10600000000001,408.81,141,0,454,674.441,406.786,405.48400000000004
453,454,ori_ph:0140-0411-0108:initial_folder_10_0139,294,602.2959999999999,108.345,410.642,140,0,455,675.557,404.844,405.37800000000004
454,455,ori_ph:0139-0410-0108:initial_folder_10_0138,294,600.864,108.417,409.543,139,0,456,675.932,404.29900000000004,405.309
455,456,ori_ph:0138-0411-0107:initial_folder_10_0137,274,605.0840000000001,107.56,410.98800000000006,138,0,457,676.5039999999999,403.847,405.905
456,457,ori_ph:0137-0409-0107:initial_folder_10_0136,271,602.886,108.26899999999999,409.07300000000004,137,0,458,675.086,404.82300000000004,405.23
457,458,ori_ph:0136-0411-0108:initial_folder_10_0135,297,609.175,107.90799999999999,411.111,136,0,459,676.1410000000001,404.455,405.69300000000004
458,459,ori_ph:0135-0413-0107:initial_folder_10_0134,302,621.874,107.054,413.73699999999997,135,0,460,672.091,404.699,405.741
459,460,ori_ph:0134-0414-0107:initial_folder_10_0133,263,615.544,107.46600000000001,413.381,134,0,461,679.1080000000001,405.814,405.494
460,461,ori_ph:0133-0413-0107:initial_folder_10_0132,289,606.7919999999999,107.749,413.64,133,0,462,676.625,404.64,405.069
461,462,ori_ph:0132-0415-0108:initial_folder_10_0131,246,604.435,108.185,414.342,132,0,463,676.5189999999999,405.459,405.439
462,463,ori_ph:0131-0414-0108:initial_folder_10_0130,240,607.7080000000001,108.662,413.79400000000004,131,0,464,676.959,404.792,405.29
463,464,ori_ph:0130-0415-0108:initial_folder_10_0129,258,611.322,108.4,415.165,130,0,465,675.565,403.837,405.6
464,465,ori_ph:0129-0415-0108:initial_folder_10_0128,226,612.0880000000001,108.164,414.401,129,0,466,677.3660000000001,405.12800000000004,405.6
465,466,ori_ph:0128-0417-0108:initial_folder_10_0127,216,613.005,108.22200000000001,416.985,128,0,467,675.716,405.319,405.80699999999996
466,467,ori_ph:0127-0417-0109:initial_folder_10_0126,196,614.9540000000001,108.602,416.51599999999996,127,0,468,675.89,403.99,405.431
467,468,ori_ph:0126-0419-0108:initial_folder_10_0125,195,619.005,108.14299999999999,417.392,126,0,469,675.5,403.749,405.75699999999995
468,469,ori_ph:0125-0417-0108:initial_folder_10_0124,168,624.452,107.785,416.719,125,0,470,677.211,404.35699999999997,405.82099999999997
469,470,ori_ph:0124-0417-0108:initial_folder_10_0123,196,621.3009999999999,107.944,416.99,124,0,471,675.415,405.12199999999996,405.63699999999994
470,471,ori_ph:0123-0420-0108:initial_folder_10_0122,144,615.0419999999999,108.66799999999999,420.404,123,0,472,676.709,403.264,405.64099999999996
471,472,ori_ph:0122-0420-0108:initial_folder_10_0121,172,621.901,107.92399999999999,420.80699999999996,122,0,473,675.936,405.68,405.79
472,473,ori_ph:0121-0424-0108:initial_folder_10_0120,153,629.712,107.87799999999999,423.454,121,0,474,678.2460000000001,405.092,406.327
473,474,ori_ph:0120-0410-0108:initial_folder_10_0119,369,609.347,107.859,410.574,120,0,475,675.4830000000001,405.436,405.87
474,475,ori_ph:0119-0409-0108:initial_folder_10_0118,331,610.918,107.79,409.11,119,0,476,675.8660000000001,404.305,406.205
475,476,ori_ph:0118-0410-0106:initial_folder_10_0117,343,619.128,107.12700000000001,409.975,118,0,477,676.615,404.974,406.11300000000006
476,477,ori_ph:0117-0411-0108:initial_folder_10_0116,319,606.179,108.11200000000001,410.98,117,0,478,675.173,407.279,406.024
477,478,ori_ph:0116-0413-0108:initial_folder_10_0115,325,612.009,108.24700000000001,413.26199999999994,116,0,479,676.0930000000001,404.75699999999995,405.971
478,479,ori_ph:0115-0414-0108:initial_folder_10_0114,314,613.309,108.34,414.43300000000005,115,0,480,675.882,404.564,405.972
479,480,ori_ph:0114-0415-0108:initial_folder_10_0113,325,611.745,108.82799999999999,415.194,114,0,481,676.37,405.809,405.825
480,481,ori_ph:0113-0416-0108:initial_folder_10_0112,289,614.035,108.662,415.74800000000005,113,0,482,676.182,407.79900000000004,406.35900000000004
481,482,ori_ph:0112-0416-0108:initial_folder_10_0111,266,610.297,108.566,415.305,112,0,483,675.275,406.81199999999995,406.156
482,483,ori_ph:0111-0415-0108:initial_folder_10_0110,280,614.993,108.42399999999999,414.515,111,0,484,674.985,405.42900000000003,405.72
483,484,ori_ph:0110-0416-0108:initial_folder_10_0109,315,614.679,107.928,415.648,110,0,485,675.674,405.63199999999995,406.028
484,485,ori_ph:0109-0415-0107:initial_folder_10_0108,306,610.627,107.73200000000001,415.455,109,0,486,676.222,406.235,406.022
485,486,ori_ph:0108-0417-0108:initial_folder_10_0107,303,610.617,108.26,416.67400000000004,108,0,487,675.454,405.142,405.74300000000005
486,487,ori_ph:0107-0416-0107:initial_folder_10_0106,297,615.609,107.92399999999999,415.93199999999996,107,0,488,675.808,407.407,405.92
487,488,ori_ph:0106-0416-0107:initial_folder_10_0105,274,618.182,108.01700000000001,414.885,106,0,489,675.05,405.61300000000006,405.884
488,489,ori_ph:0105-0415-0107:initial_folder_10_0104,297,624.189,107.76100000000001,415.23900000000003,105,0,490,674.2769999999999,405.42400000000004,406.029
489,490,ori_ph:0104-0415-0108:initial_folder_10_0103,277,611.365,108.545,415.333,104,0,491,675.337,405.527,405.668
490,491,ori_ph:0103-0416-0108:initial_folder_10_0102,270,613.648,108.052,416.19199999999995,103,0,492,674.579,404.03,405.825
491,492,ori_ph:0102-0415-0108:initial_folder_10_0101,280,613.0930000000001,108.53,415.365,102,0,493,675.012,406.664,405.327
492,493,ori_ph:0101-0416-0108:initial_folder_10_0100,273,618.623,108.264,415.819,101,0,494,678.544,405.19,405.26
493,494,ori_ph:0100-0417-0109:initial_folder_10_0099,285,611.295,109.26899999999999,417.332,100,0,495,675.579,404.519,404.585
494,495,ori_ph:0099-0417-0108:initial_folder_10_0098,246,616.0980000000001,108.855,416.087,99,0,496,675.865,406.25199999999995,404.98900000000003
495,496,ori_ph:0098-0419-0108:initial_folder_10_0097,246,620.809,108.072,419.14300000000003,98,0,497,675.63,403.87,405.209
496,497,ori_ph:0097-0420-0107:initial_folder_10_0096,227,622.278,107.652,419.181,97,0,498,676.143,404.31300000000005,405.43300000000005
497,498,ori_ph:0096-0419-0107:initial_folder_10_0095,215,628.0980000000001,107.03299999999999,419.898,96,0,499,675.5260000000001,406.921,405.50300000000004
498,499,ori_ph:0095-0419-0109:initial_folder_10_0094,241,619.0169999999999,108.36200000000001,419.265,95,0,500,676.7080000000001,405.44,405.655
499,500,ori_ph:0094-0420-0107:initial_folder_10_0093,220,632.105,107.155,420.277,94,0,501,675.627,407.345,405.218
500,501,ori_ph:0093-0421-0108:initial_folder_10_0092,202,620.851,107.77600000000001,420.92199999999997,93,0,502,676.1569999999999,405.644,405.524
501,502,ori_ph:0092-0422-0109:initial_folder_10_0091,198,609.677,108.815,421.80699999999996,92,0,503,675.445,405.773,405.56699999999995
502,503,ori_ph:0091-0422-0109:initial_folder_10_0090,178,607.567,108.906,421.784,91,0,504,674.84,405.691,405.74699999999996
503,504,ori_ph:0090-0409-0108:initial_folder_10_0089,336,595.976,108.662,408.914,90,0,505,675.1080000000001,405.935,405.67800000000005
504,505,ori_ph:0089-0413-0108:initial_folder_10_0088,353,595.045,108.706,412.839,89,0,506,676.2710000000001,404.969,405.664
505,506,ori_ph:0088-0413-0108:initial_folder_10_0087,343,608.446,108.391,414.048,88,0,507,674.7860000000001,405.965,405.85699999999997
506,507,ori_ph:0087-0414-0108:initial_folder_10_0086,317,601.83,108.54299999999999,414.496,87,0,508,674.8510000000001,405.656,406.041
507,508,ori_ph:0086-0417-0108:initial_folder_10_0085,339,604.714,107.96600000000001,416.759,86,0,509,676.814,407.009,405.92900000000003
508,509,ori_ph:0085-0416-0108:initial_folder_10_0084,358,603.413,108.28200000000001,416.481,85,0,510,676.061,405.788,405.848
509,510,ori_ph:0084-0417-0108:initial_folder_10_0083,328,605.8480000000001,108.09899999999999,416.18800000000005,84,0,511,675.1360000000001,406.213,406.065
510,511,ori_ph:0083-0418-0109:initial_folder_10_0082,348,596.411,108.774,417.345,83,0,512,675.065,405.805,405.657
511,512,ori_ph:0082-0418-0108:initial_folder_10_0081,345,603.014,108.34,417.02,82,0,513,674.8789999999999,406.667,405.594
512,513,ori_ph:0081-0418-0108:initial_folder_10_0080,296,604.169,108.429,417.314,81,0,514,676.06,405.99699999999996,405.569
513,514,ori_ph:0080-0419-0109:initial_folder_10_0079,307,602.651,108.83,419.065,80,0,515,676.6619999999999,406.599,405.908
514,515,ori_ph:0079-0420-0108:initial_folder_10_0078,292,605.729,108.509,419.371,79,0,516,674.9780000000001,404.445,405.686
515,516,ori_ph:0078-0419-0109:initial_folder_10_0077,308,603.873,108.762,419.246,78,0,517,674.5239999999999,406.25300000000004,405.25300000000004
516,517,ori_ph:0077-0420-0108:initial_folder_10_0076,274,610.533,108.05799999999999,419.44199999999995,77,0,518,676.2919999999999,406.259,405.376
517,518,ori_ph:0076-0421-0108:initial_folder_10_0075,269,607.851,108.21600000000001,420.42900000000003,76,0,519,676.485,407.335,405.43800000000005
518,519,ori_ph:0075-0420-0108:initial_folder_10_0074,224,617.786,108.059,420.38800000000003,75,0,520,676.375,405.754,405.472
519,520,ori_ph:0074-0422-0108:initial_folder_10_0073,205,612.137,107.865,421.63800000000003,74,0,521,675.192,405.566,405.289
520,521,ori_ph:0073-0422-0108:initial_folder_10_0072,259,614.911,108.17200000000001,421.115,73,0,522,677.198,407.015,405.529
521,522,ori_ph:0072-0421-0108:initial_folder_10_0071,222,621.005,108.04899999999999,421.23199999999997,72,0,523,675.319,407.468,404.936
522,523,ori_ph:0071-0411-0108:initial_folder_10_0070,426,603.115,107.90299999999999,411.654,71,0,524,675.6239999999999,406.7,406.31800000000004
523,524,ori_ph:0070-0413-0108:initial_folder_10_0069,406,599.828,108.18299999999999,413.02,70,0,525,674.757,406.54400000000004,405.41900000000004
524,525,ori_ph:0069-0412-0107:initial_folder_10_0068,421,611.1619999999999,107.855,411.833,69,0,526,676.2289999999999,407.855,405.124
525,526,ori_ph:0068-0414-0107:initial_folder_10_0067,417,611.95,107.439,414.405,68,0,527,674.623,406.986,405.22900000000004
526,527,ori_ph:0067-0418-0108:initial_folder_10_0066,374,599.995,108.13799999999999,417.075,67,0,528,673.927,406.789,405.815
527,528,ori_ph:0066-0416-0104:initial_folder_10_0065,352,606.849,105.195,417.027,66,0,529,675.5930000000001,406.889,405.397
528,529,ori_ph:0065-0418-0105:initial_folder_10_0064,317,606.347,105.833,418.725,65,0,530,676.285,406.407,405.39300000000003
529,530,ori_ph:0064-0417-0105:initial_folder_10_0063,318,608.516,106.162,418.13300000000004,64,0,531,676.1469999999999,407.767,405.634
530,531,ori_ph:0063-0418-0104:initial_folder_10_0062,314,608.2769999999999,105.15700000000001,419.168,63,0,532,674.6089999999999,408.041,405.601
531,532,ori_ph:0062-0419-0103:initial_folder_10_0061,300,619.563,103.257,419.717,62,0,533,675.015,405.80300000000005,405.29900000000004
532,533,ori_ph:0061-0420-0102:initial_folder_10_0060,290,619.783,102.565,420.39099999999996,61,0,534,674.4019999999999,406.73400000000004,405.801
533,534,ori_ph:0060-0422-0104:initial_folder_10_0059,288,620.326,103.559,422.439,60,0,535,678.2769999999999,407.681,405.89099999999996
534,535,ori_ph:0059-0425-0103:initial_folder_10_0058,270,610.781,103.068,424.336,59,0,536,676.5010000000001,407.77,405.56699999999995
535,536,ori_ph:0058-0425-0103:initial_folder_10_0057,275,610.327,102.802,424.195,58,0,537,674.571,406.436,406.02
536,537,ori_ph:0057-0425-0104:initial_folder_10_0056,278,615.101,103.714,425.036,57,0,538,677.493,408.273,406.024
537,538,ori_ph:0056-0426-0103:initial_folder_10_0055,251,604.996,103.478,426.14,56,0,539,675.654,408.51,406.145
538,539,ori_ph:0055-0427-0102:initial_folder_10_0054,245,613.939,102.37200000000001,426.85,55,0,540,677.0369999999999,409.245,406.27099999999996
539,540,ori_ph:0054-0427-0103:initial_folder_10_0053,256,615.566,102.38,426.691,54,0,541,675.29,407.73,405.615
540,541,ori_ph:0053-0428-0102:initial_folder_10_0052,217,613.622,102.12299999999999,427.95,53,0,542,675.051,408.134,405.97900000000004
541,542,ori_ph:0052-0427-0102:initial_folder_10_0051,207,637.386,100.89,426.348,52,0,543,676.952,408.599,406.135
542,543,ori_ph:0051-0416-0103:initial_folder_10_0050,413,607.828,104.355,417.25,51,0,544,676.408,409.81800000000004,406.2
543,544,ori_ph:0050-0418-0103:initial_folder_10_0049,434,611.984,104.501,419.15,50,0,545,677.184,408.035,406.227
544,545,ori_ph:0049-0418-0104:initial_folder_10_0048,371,605.04,104.68,418.376,49,0,546,676.0139999999999,409.655,406.038
545,546,ori_ph:0048-0419-0103:initial_folder_10_0047,335,608.266,103.911,419.369,48,0,547,676.08,410.591,406.416
546,547,ori_ph:0047-0420-0104:initial_folder_10_0046,300,604.21,105.274,420.548,47,0,548,676.962,411.65,406.221
547,548,ori_ph:0046-0421-0105:initial_folder_10_0045,320,613.294,105.072,419.958,46,0,549,676.578,410.17800000000005,405.905
548,549,ori_ph:0045-0423-0103:initial_folder_10_0044,303,617.571,103.649,422.01199999999994,45,0,550,675.2389999999999,412.48800000000006,405.88300000000004
549,550,ori_ph:0044-0413-0101:initial_folder_10_0043,447,607.761,101.427,413.86800000000005,44,0,551,675.336,413.369,406.129
550,551,ori_ph:0043-0416-0101:initial_folder_10_0042,509,604.507,101.743,415.934,43,0,552,675.975,414.291,405.775
551,552,ori_ph:0042-0415-0101:initial_folder_10_0041,504,604.488,101.93799999999999,415.43699999999995,42,0,553,676.3439999999999,414.724,405.99800000000005
552,553,ori_ph:0041-0416-0101:initial_folder_10_0040,486,607.619,101.415,415.847,41,0,554,675.688,415.481,405.724
553,554,ori_ph:0040-0417-0101:initial_folder_10_0039,438,611.836,101.738,416.764,40,0,555,675.995,415.315,406.272
554,555,ori_ph:0039-0418-0101:initial_folder_10_0038,430,607.386,101.679,417.47,39,0,556,675.7719999999999,416.779,406.19800000000004
555,556,ori_ph:0038-0419-0102:initial_folder_10_0037,389,612.879,102.446,417.723,38,0,557,675.7819999999999,416.548,406.061
556,557,ori_ph:0037-0417-0105:initial_folder_10_0036,357,610.4680000000001,105.197,416.9,37,0,558,675.791,419.30800000000005,406.3
557,558,ori_ph:0036-0406-0101:initial_folder_10_0035,631,595.342,102.80799999999999,404.74,36,0,559,675.581,421.569,406.51599999999996
558,559,ori_ph:0035-0406-0101:initial_folder_10_0034,594,595.434,102.706,405.468,35,0,560,676.252,424.194,406.55199999999996
559,560,ori_ph:0034-0413-0102:initial_folder_10_0033,568,592.118,102.559,411.23400000000004,34,0,561,674.7310000000001,425.139,406.73800000000006
560,561,ori_ph:0033-0421-0101:initial_folder_10_0032,478,591.427,100.319,418.527,33,0,562,676.051,428.63800000000003,407.25800000000004
561,562,ori_ph:0032-0420-0101:initial_folder_10_0031,407,584.187,100.831,417.93699999999995,32,0,563,673.99,434.504,407.156
562,563,ori_ph:0031-0419-0101:initial_folder_10_0030,380,579.305,100.975,417.63300000000004,31,0,564,675.184,437.418,407.66
563,564,ori_ph:0030-0409-0101:initial_folder_10_0029,709,590.8380000000001,100.713,408.043,30,0,565,674.878,439.515,407.515
564,565,ori_ph:0029-0407-0102:initial_folder_10_0028,617,591.045,100.633,407.82599999999996,29,0,566,675.158,445.491,408.10400000000004
565,566,ori_ph:0028-0411-0102:initial_folder_10_0027,532,590.263,101.21700000000001,411.63699999999994,28,0,567,675.082,453.44699999999995,408.32199999999995
566,567,ori_ph:0027-0413-0102:initial_folder_10_0026,482,591.633,101.75200000000001,413.07300000000004,27,0,568,674.868,456.041,409.12
567,568,ori_ph:0026-0414-0102:initial_folder_10_0025,443,590.81,101.744,414.579,26,0,569,675.365,464.043,409.06199999999995
568,569,ori_ph:0025-0415-0102:initial_folder_10_0024,421,593.4630000000001,101.779,415.656,25,0,570,674.14,466.19199999999995,409.015
569,570,ori_ph:0024-0417-0102:initial_folder_10_0023,353,594.011,101.98899999999999,417.31,24,0,571,673.6469999999999,479.603,409.548
570,571,ori_ph:0023-0405-0101:initial_folder_10_0022,631,602.5830000000001,101.507,406.601,23,0,572,674.548,486.56300000000005,409.533
571,572,ori_ph:0022-0408-0102:initial_folder_10_0021,556,595.703,102.915,409.958,22,0,573,673.9580000000001,497.579,409.694
572,573,ori_ph:0021-0410-0102:initial_folder_10_0020,502,601.201,103.13600000000001,411.958,21,0,574,673.768,506.12,409.421
573,574,ori_ph:0020-0413-0102:initial_folder_10_0019,423,602.508,103.171,413.85,20,0,575,675.2339999999999,517.927,410.44800000000004
574,575,ori_ph:0019-0412-0102:initial_folder_10_0018,415,623.863,102.992,413.88699999999994,19,0,576,725.086,634.441,550.599
575,576,ori_ph:0018-0415-0102:initial_folder_10_0017,402,606.572,103.354,415.55199999999996,18,0,577,674.535,518.3530000000001,410.917
576,577,ori_ph:0017-0418-0102:initial_folder_10_0016,327,598.193,102.65799999999999,418.77099999999996,17,0,578,675.43,543.278,410.76199999999994
577,578,ori_ph:0016-0420-0099:initial_folder_10_0015,288,975.941,100.074,421.224,16,0,579,1066.0,10434.038,10445.177
578,579,ori_ph:0015-0420-0098:initial_folder_10_0014,233,962.395,98.86399999999999,420.57300000000004,15,0,580,1065.675,10388.914,10443.759
579,580,ori_ph:0014-0410-0101:initial_folder_10_0013,421,981.572,102.59299999999999,411.227,14,0,581,1064.6789999999999,10485.133,10406.610999999999
580,581,ori_ph:0013-0411-0102:initial_folder_10_0012,427,594.422,102.704,412.79900000000004,13,0,582,676.487,554.2080000000001,410.955
581,582,ori_ph:0012-0412-0102:initial_folder_10_0011,428,598.362,102.51100000000001,412.885,12,0,583,674.1389999999999,549.97,411.38699999999994
582,583,ori_ph:0011-0413-0102:initial_folder_10_0010,423,604.322,102.37299999999999,413.298,11,0,584,674.507,552.655,411.148
583,584,ori_ph:0010-0415-0102:initial_folder_10_0009,355,603.91,102.271,415.66,10,0,585,674.949,560.665,411.47
584,585,ori_ph:0009-0418-0102:initial_folder_10_0008,315,600.648,102.273,417.75,9,0,586,674.903,567.74,411.73199999999997
585,586,ori_ph:0008-0419-0102:initial_folder_10_0007,265,598.774,102.36399999999999,419.5,8,0,587,674.153,572.132,411.653
586,587,ori_ph:0007-0419-0102:initial_folder_10_0006,279,599.029,102.586,419.635,7,0,588,675.023,566.05,411.655
587,588,ori_ph:0006-0421-0102:initial_folder_10_0005,245,590.429,102.244,421.05,6,0,589,674.783,567.567,411.917
588,589,ori_ph:0005-0420-0102:initial_folder_10_0004,265,598.026,101.975,420.35900000000004,5,0,590,673.8910000000001,558.947,411.49
589,590,ori_ph:0004-0420-0104:initial_folder_10_0003,250,608.472,103.742,420.26,4,0,591,673.857,541.556,411.23
590,591,ori_ph:0003-0411-0101:initial_folder_10_0002,430,606.679,100.676,412.574,3,0,592,674.217,548.137,411.12
591,592,ori_ph:0002-0412-0101:initial_folder_10_0001,417,606.835,100.917,412.93699999999995,2,0,593,672.966,546.36,411.481
592,593,ori_ph:0001-0413-0101:initial_folder_10_0000,388,608.247,100.954,413.94300000000004,1,0,0,669.7689999999999,541.193,410.945
